source_table	source_column	constraint_name	target_table	target_column	relation_status	source_file	notes
llx_accounting_account	fk_pcg_version	fk_accounting_account_fk_pcg_version	llx_accounting_system	pcg_version	显式外键（MySQL基线）	htdocs/install/mysql/tables/llx_accounting_system.key.sql	关系由安装脚本显式创建；业务上仍可能存在未加硬外键的逻辑关系
llx_accounting_analytic_distribution	fk_analytic_account	fk_accounting_analytic_distribution_fk_analytic_account	llx_accounting_analytic_account	rowid	显式外键（MySQL基线）	htdocs/install/mysql/tables/llx_accounting_analytic_distribution-accounting.key.sql	关系由安装脚本显式创建；业务上仍可能存在未加硬外键的逻辑关系
llx_accounting_transaction_template_det	fk_transaction_template	fk_accounting_transaction_template_det_template	llx_accounting_transaction_template	rowid	显式外键（MySQL基线）	htdocs/install/mysql/tables/llx_accounting_transaction_template_det-accounting.key.sql	关系由安装脚本显式创建；业务上仍可能存在未加硬外键的逻辑关系
llx_adherent	fk_soc	adherent_fk_soc	llx_societe	rowid	显式外键（MySQL基线）	htdocs/install/mysql/tables/llx_adherent.key.sql	关系由安装脚本显式创建；业务上仍可能存在未加硬外键的逻辑关系
llx_adherent	fk_adherent_type	fk_adherent_adherent_type	llx_adherent_type	rowid	显式外键（MySQL基线）	htdocs/install/mysql/tables/llx_adherent.key.sql	关系由安装脚本显式创建；业务上仍可能存在未加硬外键的逻辑关系
llx_asset_accountancy_codes_economic	fk_asset	fk_asset_ace_asset	llx_asset	rowid	显式外键（MySQL基线）	htdocs/install/mysql/tables/llx_asset_accountancy_codes_economic-asset.key.sql	关系由安装脚本显式创建；业务上仍可能存在未加硬外键的逻辑关系
llx_asset_accountancy_codes_economic	fk_asset_model	fk_asset_ace_asset_model	llx_asset_model	rowid	显式外键（MySQL基线）	htdocs/install/mysql/tables/llx_asset_accountancy_codes_economic-asset.key.sql	关系由安装脚本显式创建；业务上仍可能存在未加硬外键的逻辑关系
llx_asset_accountancy_codes_economic	fk_user_modif	fk_asset_ace_user_modif	llx_user	rowid	显式外键（MySQL基线）	htdocs/install/mysql/tables/llx_asset_accountancy_codes_economic-asset.key.sql	关系由安装脚本显式创建；业务上仍可能存在未加硬外键的逻辑关系
llx_asset_accountancy_codes_fiscal	fk_asset	fk_asset_acf_asset	llx_asset	rowid	显式外键（MySQL基线）	htdocs/install/mysql/tables/llx_asset_accountancy_codes_fiscal-asset.key.sql	关系由安装脚本显式创建；业务上仍可能存在未加硬外键的逻辑关系
llx_asset_accountancy_codes_fiscal	fk_asset_model	fk_asset_acf_asset_model	llx_asset_model	rowid	显式外键（MySQL基线）	htdocs/install/mysql/tables/llx_asset_accountancy_codes_fiscal-asset.key.sql	关系由安装脚本显式创建；业务上仍可能存在未加硬外键的逻辑关系
llx_asset_accountancy_codes_fiscal	fk_user_modif	fk_asset_acf_user_modif	llx_user	rowid	显式外键（MySQL基线）	htdocs/install/mysql/tables/llx_asset_accountancy_codes_fiscal-asset.key.sql	关系由安装脚本显式创建；业务上仍可能存在未加硬外键的逻辑关系
llx_asset_depreciation_options_economic	fk_asset	fk_asset_doe_asset	llx_asset	rowid	显式外键（MySQL基线）	htdocs/install/mysql/tables/llx_asset_depreciation_options_economic-asset.key.sql	关系由安装脚本显式创建；业务上仍可能存在未加硬外键的逻辑关系
llx_asset_depreciation_options_economic	fk_asset_model	fk_asset_doe_asset_model	llx_asset_model	rowid	显式外键（MySQL基线）	htdocs/install/mysql/tables/llx_asset_depreciation_options_economic-asset.key.sql	关系由安装脚本显式创建；业务上仍可能存在未加硬外键的逻辑关系
llx_asset_depreciation_options_economic	fk_user_modif	fk_asset_doe_user_modif	llx_user	rowid	显式外键（MySQL基线）	htdocs/install/mysql/tables/llx_asset_depreciation_options_economic-asset.key.sql	关系由安装脚本显式创建；业务上仍可能存在未加硬外键的逻辑关系
llx_asset_depreciation_options_fiscal	fk_asset	fk_asset_dof_asset	llx_asset	rowid	显式外键（MySQL基线）	htdocs/install/mysql/tables/llx_asset_depreciation_options_fiscal-asset.key.sql	关系由安装脚本显式创建；业务上仍可能存在未加硬外键的逻辑关系
llx_asset_depreciation_options_fiscal	fk_asset_model	fk_asset_dof_asset_model	llx_asset_model	rowid	显式外键（MySQL基线）	htdocs/install/mysql/tables/llx_asset_depreciation_options_fiscal-asset.key.sql	关系由安装脚本显式创建；业务上仍可能存在未加硬外键的逻辑关系
llx_asset_depreciation_options_fiscal	fk_user_modif	fk_asset_dof_user_modif	llx_user	rowid	显式外键（MySQL基线）	htdocs/install/mysql/tables/llx_asset_depreciation_options_fiscal-asset.key.sql	关系由安装脚本显式创建；业务上仍可能存在未加硬外键的逻辑关系
llx_asset_depreciation	fk_asset	fk_asset_depreciation_asset	llx_asset	rowid	显式外键（MySQL基线）	htdocs/install/mysql/tables/llx_asset_depreciation-asset.key.sql	关系由安装脚本显式创建；业务上仍可能存在未加硬外键的逻辑关系
llx_asset_depreciation	fk_user_modif	fk_asset_depreciation_user_modif	llx_user	rowid	显式外键（MySQL基线）	htdocs/install/mysql/tables/llx_asset_depreciation-asset.key.sql	关系由安装脚本显式创建；业务上仍可能存在未加硬外键的逻辑关系
llx_asset	fk_asset_model	fk_asset_asset_model	llx_asset_model	rowid	显式外键（MySQL基线）	htdocs/install/mysql/tables/llx_asset-asset.key.sql	关系由安装脚本显式创建；业务上仍可能存在未加硬外键的逻辑关系
llx_asset	fk_disposal_type	fk_asset_disposal_type	llx_c_asset_disposal_type	rowid	显式外键（MySQL基线）	htdocs/install/mysql/tables/llx_asset-asset.key.sql	关系由安装脚本显式创建；业务上仍可能存在未加硬外键的逻辑关系
llx_asset	fk_user_creat	fk_asset_user_creat	llx_user	rowid	显式外键（MySQL基线）	htdocs/install/mysql/tables/llx_asset-asset.key.sql	关系由安装脚本显式创建；业务上仍可能存在未加硬外键的逻辑关系
llx_asset	fk_user_modif	fk_asset_user_modif	llx_user	rowid	显式外键（MySQL基线）	htdocs/install/mysql/tables/llx_asset-asset.key.sql	关系由安装脚本显式创建；业务上仍可能存在未加硬外键的逻辑关系
llx_bank_account	fk_accountancy_journal	fk_bank_account_accountancy_journal	llx_accounting_journal	rowid	显式外键（MySQL基线）	htdocs/install/mysql/tables/llx_bank_account.key.sql	关系由安装脚本显式创建；业务上仍可能存在未加硬外键的逻辑关系
llx_bank_record_link	fk_bank_import	fk_bank_import_bank_import	llx_bank_import	rowid	显式外键（MySQL基线）	htdocs/install/mysql/tables/llx_bank_record_link-bank.key.sql	关系由安装脚本显式创建；业务上仍可能存在未加硬外键的逻辑关系
llx_bank_record_link	fk_bank_record	fk_bank_record_bank_record	llx_bank_record	rowid	显式外键（MySQL基线）	htdocs/install/mysql/tables/llx_bank_record_link-bank.key.sql	关系由安装脚本显式创建；业务上仍可能存在未加硬外键的逻辑关系
llx_bank_record	fk_bank	bank_record_fk_bank	llx_bank_account	rowid	显式外键（MySQL基线）	htdocs/install/mysql/tables/llx_bank_record-bank.key.sql	关系由安装脚本显式创建；业务上仍可能存在未加硬外键的逻辑关系
llx_bom_bom	fk_user_creat	llx_bom_bom_fk_user_creat	llx_user	rowid	显式外键（MySQL基线）	htdocs/install/mysql/tables/llx_bom_bom-bom.key.sql	关系由安装脚本显式创建；业务上仍可能存在未加硬外键的逻辑关系
llx_bom_bomline	fk_bom	llx_bom_bomline_fk_bom	llx_bom_bom	rowid	显式外键（MySQL基线）	htdocs/install/mysql/tables/llx_bom_bomline-bom.key.sql	关系由安装脚本显式创建；业务上仍可能存在未加硬外键的逻辑关系
llx_bookcal_availabilities	fk_bookcal_calendar	fk_bookcal_availabilities_fk_bookcal_calendar	llx_bookcal_calendar	rowid	显式外键（MySQL基线）	htdocs/install/mysql/tables/llx_bookcal_availabilities-bookcal.key.sql	关系由安装脚本显式创建；业务上仍可能存在未加硬外键的逻辑关系
llx_bookcal_availabilities	fk_user_creat	fk_bookcal_availabilities_fk_user_creat	llx_user	rowid	显式外键（MySQL基线）	htdocs/install/mysql/tables/llx_bookcal_availabilities-bookcal.key.sql	关系由安装脚本显式创建；业务上仍可能存在未加硬外键的逻辑关系
llx_bookcal_calendar	fk_user_creat	llx_bookcal_calendar_fk_user_creat	llx_user	rowid	显式外键（MySQL基线）	htdocs/install/mysql/tables/llx_bookcal_calendar-bookcal.key.sql	关系由安装脚本显式创建；业务上仍可能存在未加硬外键的逻辑关系
llx_boxes	box_id	fk_boxes_box_id	llx_boxes_def	rowid	显式外键（MySQL基线）	htdocs/install/mysql/tables/llx_boxes.key.sql	关系由安装脚本显式创建；业务上仍可能存在未加硬外键的逻辑关系
llx_budget_lines	fk_budget	fk_budget_lines_budget	llx_budget	rowid	显式外键（MySQL基线）	htdocs/install/mysql/tables/llx_budget_lines-budget.key.sql	关系由安装脚本显式创建；业务上仍可能存在未加硬外键的逻辑关系
llx_c_departements	fk_region	fk_departements_fk_region	llx_c_regions	code_region	显式外键（MySQL基线）	htdocs/install/mysql/tables/llx_c_departements.key.sql	关系由安装脚本显式创建；业务上仍可能存在未加硬外键的逻辑关系
llx_c_regions	fk_pays	fk_c_regions_fk_pays	llx_c_country	rowid	显式外键（MySQL基线）	htdocs/install/mysql/tables/llx_c_regions.key.sql	关系由安装脚本显式创建；业务上仍可能存在未加硬外键的逻辑关系
llx_c_tva	fk_department_buyer	fk_tva_fk_department_buyer	llx_c_departements	rowid	显式外键（MySQL基线）	htdocs/install/mysql/tables/llx_c_tva.key.sql	关系由安装脚本显式创建；业务上仍可能存在未加硬外键的逻辑关系
llx_c_ziptown	fk_county	fk_c_ziptown_fk_county	llx_c_departements	rowid	显式外键（MySQL基线）	htdocs/install/mysql/tables/llx_c_ziptown.key.sql	关系由安装脚本显式创建；业务上仍可能存在未加硬外键的逻辑关系
llx_c_ziptown	fk_pays	fk_c_ziptown_fk_pays	llx_c_country	rowid	显式外键（MySQL基线）	htdocs/install/mysql/tables/llx_c_ziptown.key.sql	关系由安装脚本显式创建；业务上仍可能存在未加硬外键的逻辑关系
llx_categorie_account	fk_categorie	fk_categorie_account_categorie_rowid	llx_categorie	rowid	显式外键（MySQL基线）	htdocs/install/mysql/tables/llx_categorie_account.key.sql	关系由安装脚本显式创建；业务上仍可能存在未加硬外键的逻辑关系
llx_categorie_account	fk_account	fk_categorie_account_fk_account	llx_bank_account	rowid	显式外键（MySQL基线）	htdocs/install/mysql/tables/llx_categorie_account.key.sql	关系由安装脚本显式创建；业务上仍可能存在未加硬外键的逻辑关系
llx_categorie_actioncomm	fk_categorie	fk_categorie_actioncomm_categorie_rowid	llx_categorie	rowid	显式外键（MySQL基线）	htdocs/install/mysql/tables/llx_categorie_actioncomm.key.sql	关系由安装脚本显式创建；业务上仍可能存在未加硬外键的逻辑关系
llx_categorie_actioncomm	fk_actioncomm	fk_categorie_actioncomm_fk_actioncomm	llx_actioncomm	id	显式外键（MySQL基线）	htdocs/install/mysql/tables/llx_categorie_actioncomm.key.sql	关系由安装脚本显式创建；业务上仍可能存在未加硬外键的逻辑关系
llx_categorie_contact	fk_categorie	fk_categorie_contact_categorie_rowid	llx_categorie	rowid	显式外键（MySQL基线）	htdocs/install/mysql/tables/llx_categorie_contact.key.sql	关系由安装脚本显式创建；业务上仍可能存在未加硬外键的逻辑关系
llx_categorie_contact	fk_socpeople	fk_categorie_contact_fk_socpeople	llx_socpeople	rowid	显式外键（MySQL基线）	htdocs/install/mysql/tables/llx_categorie_contact.key.sql	关系由安装脚本显式创建；业务上仍可能存在未加硬外键的逻辑关系
llx_categorie_fichinter	fk_categorie	fk_categorie_fichinter_categorie_rowid	llx_categorie	rowid	显式外键（MySQL基线）	htdocs/install/mysql/tables/llx_categorie_fichinter-fichinter.key.sql	关系由安装脚本显式创建；业务上仍可能存在未加硬外键的逻辑关系
llx_categorie_fichinter	fk_fichinter	fk_categorie_fichinter_fk_fichinter	llx_fichinter	rowid	显式外键（MySQL基线）	htdocs/install/mysql/tables/llx_categorie_fichinter-fichinter.key.sql	关系由安装脚本显式创建；业务上仍可能存在未加硬外键的逻辑关系
llx_categorie_fournisseur	fk_categorie	fk_categorie_fournisseur_categorie_rowid	llx_categorie	rowid	显式外键（MySQL基线）	htdocs/install/mysql/tables/llx_categorie_fournisseur.key.sql	关系由安装脚本显式创建；业务上仍可能存在未加硬外键的逻辑关系
llx_categorie_fournisseur	fk_soc	fk_categorie_fournisseur_fk_soc	llx_societe	rowid	显式外键（MySQL基线）	htdocs/install/mysql/tables/llx_categorie_fournisseur.key.sql	关系由安装脚本显式创建；业务上仍可能存在未加硬外键的逻辑关系
llx_categorie_invoice	fk_categorie	fk_categorie_invoice_categorie_rowid	llx_categorie	rowid	显式外键（MySQL基线）	htdocs/install/mysql/tables/llx_categorie_invoice-facture.key.sql	关系由安装脚本显式创建；业务上仍可能存在未加硬外键的逻辑关系
llx_categorie_invoice	fk_invoice	fk_categorie_invoice_fk_invoice_rowid	llx_facture	rowid	显式外键（MySQL基线）	htdocs/install/mysql/tables/llx_categorie_invoice-facture.key.sql	关系由安装脚本显式创建；业务上仍可能存在未加硬外键的逻辑关系
llx_categorie_knowledgemanagement	fk_categorie	fk_categorie_knowledgemanagement_categorie_rowid	llx_categorie	rowid	显式外键（MySQL基线）	htdocs/install/mysql/tables/llx_categorie_knowledgemanagement-knowledgemanagement.key.sql	关系由安装脚本显式创建；业务上仍可能存在未加硬外键的逻辑关系
llx_categorie_knowledgemanagement	fk_knowledgemanagement	fk_categorie_knowledgemanagement_knowledgemanagement_rowid	llx_knowledgemanagement_knowledgerecord	rowid	显式外键（MySQL基线）	htdocs/install/mysql/tables/llx_categorie_knowledgemanagement-knowledgemanagement.key.sql	关系由安装脚本显式创建；业务上仍可能存在未加硬外键的逻辑关系
llx_categorie_lang	fk_category	fk_category_lang_fk_category	llx_categorie	rowid	显式外键（MySQL基线）	htdocs/install/mysql/tables/llx_categorie_lang.key.sql	关系由安装脚本显式创建；业务上仍可能存在未加硬外键的逻辑关系
llx_categorie_member	fk_categorie	fk_categorie_member_categorie_rowid	llx_categorie	rowid	显式外键（MySQL基线）	htdocs/install/mysql/tables/llx_categorie_member.key.sql	关系由安装脚本显式创建；业务上仍可能存在未加硬外键的逻辑关系
llx_categorie_member	fk_member	fk_categorie_member_member_rowid	llx_adherent	rowid	显式外键（MySQL基线）	htdocs/install/mysql/tables/llx_categorie_member.key.sql	关系由安装脚本显式创建；业务上仍可能存在未加硬外键的逻辑关系
llx_categorie_mo	fk_categorie	fk_categorie_mo_categorie_rowid	llx_categorie	rowid	显式外键（MySQL基线）	htdocs/install/mysql/tables/llx_categorie_mo-mrp.key.sql	关系由安装脚本显式创建；业务上仍可能存在未加硬外键的逻辑关系
llx_categorie_mo	fk_mo	fk_categorie_mo_fk_mo_rowid	llx_mrp_mo	rowid	显式外键（MySQL基线）	htdocs/install/mysql/tables/llx_categorie_mo-mrp.key.sql	关系由安装脚本显式创建；业务上仍可能存在未加硬外键的逻辑关系
llx_categorie_order	fk_categorie	fk_categorie_order_categorie_rowid	llx_categorie	rowid	显式外键（MySQL基线）	htdocs/install/mysql/tables/llx_categorie_order-commande.key.sql	关系由安装脚本显式创建；业务上仍可能存在未加硬外键的逻辑关系
llx_categorie_order	fk_order	fk_categorie_order_fk_order_rowid	llx_commande	rowid	显式外键（MySQL基线）	htdocs/install/mysql/tables/llx_categorie_order-commande.key.sql	关系由安装脚本显式创建；业务上仍可能存在未加硬外键的逻辑关系
llx_categorie_product	fk_categorie	fk_categorie_product_categorie_rowid	llx_categorie	rowid	显式外键（MySQL基线）	htdocs/install/mysql/tables/llx_categorie_product.key.sql	关系由安装脚本显式创建；业务上仍可能存在未加硬外键的逻辑关系
llx_categorie_product	fk_product	fk_categorie_product_product_rowid	llx_product	rowid	显式外键（MySQL基线）	htdocs/install/mysql/tables/llx_categorie_product.key.sql	关系由安装脚本显式创建；业务上仍可能存在未加硬外键的逻辑关系
llx_categorie_project_task	fk_categorie	fk_categorie_project_task_categorie_rowid	llx_categorie	rowid	显式外键（MySQL基线）	htdocs/install/mysql/tables/llx_categorie_project_task-project.key.sql	关系由安装脚本显式创建；业务上仍可能存在未加硬外键的逻辑关系
llx_categorie_project_task	fk_project_task	fk_categorie_project_task_rowid	llx_projet_task	rowid	显式外键（MySQL基线）	htdocs/install/mysql/tables/llx_categorie_project_task-project.key.sql	关系由安装脚本显式创建；业务上仍可能存在未加硬外键的逻辑关系
llx_categorie_project	fk_categorie	fk_categorie_project_categorie_rowid	llx_categorie	rowid	显式外键（MySQL基线）	htdocs/install/mysql/tables/llx_categorie_project.key.sql	关系由安装脚本显式创建；业务上仍可能存在未加硬外键的逻辑关系
llx_categorie_project	fk_project	fk_categorie_project_fk_project_rowid	llx_projet	rowid	显式外键（MySQL基线）	htdocs/install/mysql/tables/llx_categorie_project.key.sql	关系由安装脚本显式创建；业务上仍可能存在未加硬外键的逻辑关系
llx_categorie_propal	fk_categorie	fk_categorie_propal_categorie_rowid	llx_categorie	rowid	显式外键（MySQL基线）	htdocs/install/mysql/tables/llx_categorie_propal-propal.key.sql	关系由安装脚本显式创建；业务上仍可能存在未加硬外键的逻辑关系
llx_categorie_propal	fk_propal	fk_categorie_propal_fk_propal_rowid	llx_propal	rowid	显式外键（MySQL基线）	htdocs/install/mysql/tables/llx_categorie_propal-propal.key.sql	关系由安装脚本显式创建；业务上仍可能存在未加硬外键的逻辑关系
llx_categorie_societe	fk_categorie	fk_categorie_societe_categorie_rowid	llx_categorie	rowid	显式外键（MySQL基线）	htdocs/install/mysql/tables/llx_categorie_societe.key.sql	关系由安装脚本显式创建；业务上仍可能存在未加硬外键的逻辑关系
llx_categorie_societe	fk_soc	fk_categorie_societe_fk_soc	llx_societe	rowid	显式外键（MySQL基线）	htdocs/install/mysql/tables/llx_categorie_societe.key.sql	关系由安装脚本显式创建；业务上仍可能存在未加硬外键的逻辑关系
llx_categorie_supplier_invoice	fk_categorie	fk_categorie_supplier_invoice_categorie_rowid	llx_categorie	rowid	显式外键（MySQL基线）	htdocs/install/mysql/tables/llx_categorie_supplier_invoice.key.sql	关系由安装脚本显式创建；业务上仍可能存在未加硬外键的逻辑关系
llx_categorie_supplier_invoice	fk_supplier_invoice	fk_categorie_supplier_invoice_fk_supplier_invoice_rowid	llx_facture_fourn	rowid	显式外键（MySQL基线）	htdocs/install/mysql/tables/llx_categorie_supplier_invoice.key.sql	关系由安装脚本显式创建；业务上仍可能存在未加硬外键的逻辑关系
llx_categorie_supplier_order	fk_categorie	fk_categorie_supplier_order_categorie_rowid	llx_categorie	rowid	显式外键（MySQL基线）	htdocs/install/mysql/tables/llx_categorie_supplier_order.key.sql	关系由安装脚本显式创建；业务上仍可能存在未加硬外键的逻辑关系
llx_categorie_supplier_order	fk_supplier_order	fk_categorie_supplier_order_fk_supplier_order_rowid	llx_commande_fournisseur	rowid	显式外键（MySQL基线）	htdocs/install/mysql/tables/llx_categorie_supplier_order.key.sql	关系由安装脚本显式创建；业务上仍可能存在未加硬外键的逻辑关系
llx_categorie_supplier_proposal	fk_categorie	fk_categorie_supplier_proposal_categorie_rowid	llx_categorie	rowid	显式外键（MySQL基线）	htdocs/install/mysql/tables/llx_categorie_supplier_proposal-supplier_proposal.key.sql	关系由安装脚本显式创建；业务上仍可能存在未加硬外键的逻辑关系
llx_categorie_supplier_proposal	fk_supplier_proposal	fk_categorie_supplier_proposal_fk_supplier_proposal_rowid	llx_supplier_proposal	rowid	显式外键（MySQL基线）	htdocs/install/mysql/tables/llx_categorie_supplier_proposal-supplier_proposal.key.sql	关系由安装脚本显式创建；业务上仍可能存在未加硬外键的逻辑关系
llx_categorie_ticket	fk_categorie	fk_categorie_ticket_categorie_rowid	llx_categorie	rowid	显式外键（MySQL基线）	htdocs/install/mysql/tables/llx_categorie_ticket-ticket.key.sql	关系由安装脚本显式创建；业务上仍可能存在未加硬外键的逻辑关系
llx_categorie_ticket	fk_ticket	fk_categorie_ticket_ticket_rowid	llx_ticket	rowid	显式外键（MySQL基线）	htdocs/install/mysql/tables/llx_categorie_ticket-ticket.key.sql	关系由安装脚本显式创建；业务上仍可能存在未加硬外键的逻辑关系
llx_categorie_user	fk_categorie	fk_categorie_user_categorie_rowid	llx_categorie	rowid	显式外键（MySQL基线）	htdocs/install/mysql/tables/llx_categorie_user.key.sql	关系由安装脚本显式创建；业务上仍可能存在未加硬外键的逻辑关系
llx_categorie_user	fk_user	fk_categorie_user_fk_user	llx_user	rowid	显式外键（MySQL基线）	htdocs/install/mysql/tables/llx_categorie_user.key.sql	关系由安装脚本显式创建；业务上仍可能存在未加硬外键的逻辑关系
llx_categorie_warehouse	fk_categorie	fk_categorie_warehouse_categorie_rowid	llx_categorie	rowid	显式外键（MySQL基线）	htdocs/install/mysql/tables/llx_categorie_warehouse-stock.key.sql	关系由安装脚本显式创建；业务上仍可能存在未加硬外键的逻辑关系
llx_categorie_warehouse	fk_warehouse	fk_categorie_warehouse_fk_warehouse_rowid	llx_entrepot	rowid	显式外键（MySQL基线）	htdocs/install/mysql/tables/llx_categorie_warehouse-stock.key.sql	关系由安装脚本显式创建；业务上仍可能存在未加硬外键的逻辑关系
llx_categorie_website_page	fk_categorie	fk_categorie_websitepage_categorie_rowid	llx_categorie	rowid	显式外键（MySQL基线）	htdocs/install/mysql/tables/llx_categorie_website_page-website.key.sql	关系由安装脚本显式创建；业务上仍可能存在未加硬外键的逻辑关系
llx_categorie_website_page	fk_website_page	fk_categorie_websitepage_website_page_rowid	llx_website_page	rowid	显式外键（MySQL基线）	htdocs/install/mysql/tables/llx_categorie_website_page-website.key.sql	关系由安装脚本显式创建；业务上仍可能存在未加硬外键的逻辑关系
llx_commande_fournisseur	fk_soc	fk_commande_fournisseur_fk_soc	llx_societe	rowid	显式外键（MySQL基线）	htdocs/install/mysql/tables/llx_commande_fournisseur.key.sql	关系由安装脚本显式创建；业务上仍可能存在未加硬外键的逻辑关系
llx_commande_fournisseurdet	fk_unit	fk_commande_fournisseurdet_fk_unit	llx_c_units	rowid	显式外键（MySQL基线）	htdocs/install/mysql/tables/llx_commande_fournisseurdet.key.sql	关系由安装脚本显式创建；业务上仍可能存在未加硬外键的逻辑关系
llx_commande	fk_projet	fk_commande_fk_projet	llx_projet	rowid	显式外键（MySQL基线）	htdocs/install/mysql/tables/llx_commande.key.sql	关系由安装脚本显式创建；业务上仍可能存在未加硬外键的逻辑关系
llx_commande	fk_soc	fk_commande_fk_soc	llx_societe	rowid	显式外键（MySQL基线）	htdocs/install/mysql/tables/llx_commande.key.sql	关系由安装脚本显式创建；业务上仍可能存在未加硬外键的逻辑关系
llx_commande	fk_user_author	fk_commande_fk_user_author	llx_user	rowid	显式外键（MySQL基线）	htdocs/install/mysql/tables/llx_commande.key.sql	关系由安装脚本显式创建；业务上仍可能存在未加硬外键的逻辑关系
llx_commande	fk_user_cloture	fk_commande_fk_user_cloture	llx_user	rowid	显式外键（MySQL基线）	htdocs/install/mysql/tables/llx_commande.key.sql	关系由安装脚本显式创建；业务上仍可能存在未加硬外键的逻辑关系
llx_commande	fk_user_valid	fk_commande_fk_user_valid	llx_user	rowid	显式外键（MySQL基线）	htdocs/install/mysql/tables/llx_commande.key.sql	关系由安装脚本显式创建；业务上仍可能存在未加硬外键的逻辑关系
llx_commandedet	fk_commande	fk_commandedet_fk_commande	llx_commande	rowid	显式外键（MySQL基线）	htdocs/install/mysql/tables/llx_commandedet.key.sql	关系由安装脚本显式创建；业务上仍可能存在未加硬外键的逻辑关系
llx_commandedet	fk_commandefourndet	fk_commandedet_fk_commandefourndet	llx_commande_fournisseurdet	rowid	显式外键（MySQL基线）	htdocs/install/mysql/tables/llx_commandedet.key.sql	关系由安装脚本显式创建；业务上仍可能存在未加硬外键的逻辑关系
llx_commandedet	fk_unit	fk_commandedet_fk_unit	llx_c_units	rowid	显式外键（MySQL基线）	htdocs/install/mysql/tables/llx_commandedet.key.sql	关系由安装脚本显式创建；业务上仍可能存在未加硬外键的逻辑关系
llx_contrat	fk_soc	fk_contrat_fk_soc	llx_societe	rowid	显式外键（MySQL基线）	htdocs/install/mysql/tables/llx_contrat.key.sql	关系由安装脚本显式创建；业务上仍可能存在未加硬外键的逻辑关系
llx_contrat	fk_user_author	fk_contrat_user_author	llx_user	rowid	显式外键（MySQL基线）	htdocs/install/mysql/tables/llx_contrat.key.sql	关系由安装脚本显式创建；业务上仍可能存在未加硬外键的逻辑关系
llx_contratdet	fk_contrat	fk_contratdet_fk_contrat	llx_contrat	rowid	显式外键（MySQL基线）	htdocs/install/mysql/tables/llx_contratdet.key.sql	关系由安装脚本显式创建；业务上仍可能存在未加硬外键的逻辑关系
llx_contratdet	fk_product	fk_contratdet_fk_product	llx_product	rowid	显式外键（MySQL基线）	htdocs/install/mysql/tables/llx_contratdet.key.sql	关系由安装脚本显式创建；业务上仍可能存在未加硬外键的逻辑关系
llx_contratdet	fk_unit	fk_contratdet_fk_unit	llx_c_units	rowid	显式外键（MySQL基线）	htdocs/install/mysql/tables/llx_contratdet.key.sql	关系由安装脚本显式创建；业务上仍可能存在未加硬外键的逻辑关系
llx_delivery	fk_soc	fk_delivery_fk_soc	llx_societe	rowid	显式外键（MySQL基线）	htdocs/install/mysql/tables/llx_delivery.key.sql	关系由安装脚本显式创建；业务上仍可能存在未加硬外键的逻辑关系
llx_delivery	fk_user_author	fk_delivery_fk_user_author	llx_user	rowid	显式外键（MySQL基线）	htdocs/install/mysql/tables/llx_delivery.key.sql	关系由安装脚本显式创建；业务上仍可能存在未加硬外键的逻辑关系
llx_delivery	fk_user_valid	fk_delivery_fk_user_valid	llx_user	rowid	显式外键（MySQL基线）	htdocs/install/mysql/tables/llx_delivery.key.sql	关系由安装脚本显式创建；业务上仍可能存在未加硬外键的逻辑关系
llx_deliverydet	fk_delivery	fk_deliverydet_fk_delivery	llx_delivery	rowid	显式外键（MySQL基线）	htdocs/install/mysql/tables/llx_deliverydet.key.sql	关系由安装脚本显式创建；业务上仍可能存在未加硬外键的逻辑关系
llx_ecm_directories	fk_user_c	fk_ecm_directories_fk_user_c	llx_user	rowid	显式外键（MySQL基线）	htdocs/install/mysql/tables/llx_ecm_directories.key.sql	关系由安装脚本显式创建；业务上仍可能存在未加硬外键的逻辑关系
llx_ecm_directories	fk_user_m	fk_ecm_directories_fk_user_m	llx_user	rowid	显式外键（MySQL基线）	htdocs/install/mysql/tables/llx_ecm_directories.key.sql	关系由安装脚本显式创建；业务上仍可能存在未加硬外键的逻辑关系
llx_element_categorie	fk_categorie	fk_element_categorie_fk_categorie	llx_categorie	rowid	显式外键（MySQL基线）	htdocs/install/mysql/tables/llx_element_categorie.key.sql	关系由安装脚本显式创建；业务上仍可能存在未加硬外键的逻辑关系
llx_element_contact	fk_c_type_contact	fk_element_contact_fk_c_type_contact	llx_c_type_contact	rowid	显式外键（MySQL基线）	htdocs/install/mysql/tables/llx_element_contact.key.sql	关系由安装脚本显式创建；业务上仍可能存在未加硬外键的逻辑关系
llx_emailcollector_emailcollectoraction	fk_emailcollector	fk_emailcollectoraction_fk_emailcollector	llx_emailcollector_emailcollector	rowid	显式外键（MySQL基线）	htdocs/install/mysql/tables/llx_emailcollector_emailcollectoraction.key.sql	关系由安装脚本显式创建；业务上仍可能存在未加硬外键的逻辑关系
llx_emailcollector_emailcollectorfilter	fk_emailcollector	fk_emailcollectorfilter_fk_emailcollector	llx_emailcollector_emailcollector	rowid	显式外键（MySQL基线）	htdocs/install/mysql/tables/llx_emailcollector_emailcollectorfilter.key.sql	关系由安装脚本显式创建；业务上仍可能存在未加硬外键的逻辑关系
llx_expedition	fk_shipping_method	fk_expedition_fk_shipping_method	llx_c_shipment_mode	rowid	显式外键（MySQL基线）	htdocs/install/mysql/tables/llx_expedition.key.sql	关系由安装脚本显式创建；业务上仍可能存在未加硬外键的逻辑关系
llx_expedition	fk_soc	fk_expedition_fk_soc	llx_societe	rowid	显式外键（MySQL基线）	htdocs/install/mysql/tables/llx_expedition.key.sql	关系由安装脚本显式创建；业务上仍可能存在未加硬外键的逻辑关系
llx_expedition	fk_user_author	fk_expedition_fk_user_author	llx_user	rowid	显式外键（MySQL基线）	htdocs/install/mysql/tables/llx_expedition.key.sql	关系由安装脚本显式创建；业务上仍可能存在未加硬外键的逻辑关系
llx_expedition	fk_user_valid	fk_expedition_fk_user_valid	llx_user	rowid	显式外键（MySQL基线）	htdocs/install/mysql/tables/llx_expedition.key.sql	关系由安装脚本显式创建；业务上仍可能存在未加硬外键的逻辑关系
llx_expeditiondet_batch	fk_expeditiondet	fk_expeditiondet_batch_fk_expeditiondet	llx_expeditiondet	rowid	显式外键（MySQL基线）	htdocs/install/mysql/tables/llx_expeditiondet_batch.key.sql	关系由安装脚本显式创建；业务上仍可能存在未加硬外键的逻辑关系
llx_expeditiondet	fk_expedition	fk_expeditiondet_fk_expedition	llx_expedition	rowid	显式外键（MySQL基线）	htdocs/install/mysql/tables/llx_expeditiondet.key.sql	关系由安装脚本显式创建；业务上仍可能存在未加硬外键的逻辑关系
llx_facture_fourn_det_rec	fk_unit	fk_facture_fourn_det_rec_fk_unit	llx_c_units	rowid	显式外键（MySQL基线）	htdocs/install/mysql/tables/llx_facture_fourn_det_rec.key.sql	关系由安装脚本显式创建；业务上仍可能存在未加硬外键的逻辑关系
llx_facture_fourn_det	fk_facture_fourn	fk_facture_fourn_det_fk_facture	llx_facture_fourn	rowid	显式外键（MySQL基线）	htdocs/install/mysql/tables/llx_facture_fourn_det.key.sql	关系由安装脚本显式创建；业务上仍可能存在未加硬外键的逻辑关系
llx_facture_fourn_det	fk_unit	fk_facture_fourn_det_fk_unit	llx_c_units	rowid	显式外键（MySQL基线）	htdocs/install/mysql/tables/llx_facture_fourn_det.key.sql	关系由安装脚本显式创建；业务上仍可能存在未加硬外键的逻辑关系
llx_facture_fourn_rec	fk_projet	fk_facture_fourn_rec_fk_projet	llx_projet	rowid	显式外键（MySQL基线）	htdocs/install/mysql/tables/llx_facture_fourn_rec.key.sql	关系由安装脚本显式创建；业务上仍可能存在未加硬外键的逻辑关系
llx_facture_fourn_rec	fk_soc	fk_facture_fourn_rec_fk_soc	llx_societe	rowid	显式外键（MySQL基线）	htdocs/install/mysql/tables/llx_facture_fourn_rec.key.sql	关系由安装脚本显式创建；业务上仍可能存在未加硬外键的逻辑关系
llx_facture_fourn_rec	fk_user_author	fk_facture_fourn_rec_fk_user_author	llx_user	rowid	显式外键（MySQL基线）	htdocs/install/mysql/tables/llx_facture_fourn_rec.key.sql	关系由安装脚本显式创建；业务上仍可能存在未加硬外键的逻辑关系
llx_facture_fourn	fk_projet	fk_facture_fourn_fk_projet	llx_projet	rowid	显式外键（MySQL基线）	htdocs/install/mysql/tables/llx_facture_fourn.key.sql	关系由安装脚本显式创建；业务上仍可能存在未加硬外键的逻辑关系
llx_facture_fourn	fk_soc	fk_facture_fourn_fk_soc	llx_societe	rowid	显式外键（MySQL基线）	htdocs/install/mysql/tables/llx_facture_fourn.key.sql	关系由安装脚本显式创建；业务上仍可能存在未加硬外键的逻辑关系
llx_facture_fourn	fk_user_author	fk_facture_fourn_fk_user_author	llx_user	rowid	显式外键（MySQL基线）	htdocs/install/mysql/tables/llx_facture_fourn.key.sql	关系由安装脚本显式创建；业务上仍可能存在未加硬外键的逻辑关系
llx_facture_fourn	fk_user_valid	fk_facture_fourn_fk_user_valid	llx_user	rowid	显式外键（MySQL基线）	htdocs/install/mysql/tables/llx_facture_fourn.key.sql	关系由安装脚本显式创建；业务上仍可能存在未加硬外键的逻辑关系
llx_facture_rec	fk_projet	fk_facture_rec_fk_projet	llx_projet	rowid	显式外键（MySQL基线）	htdocs/install/mysql/tables/llx_facture_rec.key.sql	关系由安装脚本显式创建；业务上仍可能存在未加硬外键的逻辑关系
llx_facture_rec	fk_soc	fk_facture_rec_fk_soc	llx_societe	rowid	显式外键（MySQL基线）	htdocs/install/mysql/tables/llx_facture_rec.key.sql	关系由安装脚本显式创建；业务上仍可能存在未加硬外键的逻辑关系
llx_facture_rec	fk_user_author	fk_facture_rec_fk_user_author	llx_user	rowid	显式外键（MySQL基线）	htdocs/install/mysql/tables/llx_facture_rec.key.sql	关系由安装脚本显式创建；业务上仍可能存在未加硬外键的逻辑关系
llx_facture	fk_facture_source	fk_facture_fk_facture_source	llx_facture	rowid	显式外键（MySQL基线）	htdocs/install/mysql/tables/llx_facture.key.sql	关系由安装脚本显式创建；业务上仍可能存在未加硬外键的逻辑关系
llx_facture	fk_input_reason	fk_facture_fk_input_reason	llx_c_input_reason	rowid	显式外键（MySQL基线）	htdocs/install/mysql/tables/llx_facture.key.sql	关系由安装脚本显式创建；业务上仍可能存在未加硬外键的逻辑关系
llx_facture	fk_projet	fk_facture_fk_projet	llx_projet	rowid	显式外键（MySQL基线）	htdocs/install/mysql/tables/llx_facture.key.sql	关系由安装脚本显式创建；业务上仍可能存在未加硬外键的逻辑关系
llx_facture	fk_soc	fk_facture_fk_soc	llx_societe	rowid	显式外键（MySQL基线）	htdocs/install/mysql/tables/llx_facture.key.sql	关系由安装脚本显式创建；业务上仍可能存在未加硬外键的逻辑关系
llx_facture	fk_user_author	fk_facture_fk_user_author	llx_user	rowid	显式外键（MySQL基线）	htdocs/install/mysql/tables/llx_facture.key.sql	关系由安装脚本显式创建；业务上仍可能存在未加硬外键的逻辑关系
llx_facture	fk_user_valid	fk_facture_fk_user_valid	llx_user	rowid	显式外键（MySQL基线）	htdocs/install/mysql/tables/llx_facture.key.sql	关系由安装脚本显式创建；业务上仍可能存在未加硬外键的逻辑关系
llx_facturedet_rec	fk_unit	fk_facturedet_rec_fk_unit	llx_c_units	rowid	显式外键（MySQL基线）	htdocs/install/mysql/tables/llx_facturedet_rec.key.sql	关系由安装脚本显式创建；业务上仍可能存在未加硬外键的逻辑关系
llx_facturedet	fk_facture	fk_facturedet_fk_facture	llx_facture	rowid	显式外键（MySQL基线）	htdocs/install/mysql/tables/llx_facturedet.key.sql	关系由安装脚本显式创建；业务上仍可能存在未加硬外键的逻辑关系
llx_facturedet	fk_unit	fk_facturedet_fk_unit	llx_c_units	rowid	显式外键（MySQL基线）	htdocs/install/mysql/tables/llx_facturedet.key.sql	关系由安装脚本显式创建；业务上仍可能存在未加硬外键的逻辑关系
llx_fichinter_rec	fk_projet	fk_fichinter_rec_fk_projet	llx_projet	rowid	显式外键（MySQL基线）	htdocs/install/mysql/tables/llx_fichinter_rec.key.sql	关系由安装脚本显式创建；业务上仍可能存在未加硬外键的逻辑关系
llx_fichinter_rec	fk_user_author	fk_fichinter_rec_fk_user_author	llx_user	rowid	显式外键（MySQL基线）	htdocs/install/mysql/tables/llx_fichinter_rec.key.sql	关系由安装脚本显式创建；业务上仍可能存在未加硬外键的逻辑关系
llx_fichinter	fk_soc	fk_fichinter_fk_soc	llx_societe	rowid	显式外键（MySQL基线）	htdocs/install/mysql/tables/llx_fichinter.key.sql	关系由安装脚本显式创建；业务上仍可能存在未加硬外键的逻辑关系
llx_fichinterdet	fk_fichinter	fk_fichinterdet_fk_fichinter	llx_fichinter	rowid	显式外键（MySQL基线）	htdocs/install/mysql/tables/llx_fichinterdet.key.sql	关系由安装脚本显式创建；业务上仍可能存在未加硬外键的逻辑关系
llx_hrm_evaluation	fk_user_creat	llx_hrm_evaluation_fk_user_creat	llx_user	rowid	显式外键（MySQL基线）	htdocs/install/mysql/tables/llx_hrm_evaluation-hrm.key.sql	关系由安装脚本显式创建；业务上仍可能存在未加硬外键的逻辑关系
llx_hrm_evaluationdet	fk_evaluation	llx_hrm_evaluationdet_fk_evaluation	llx_hrm_evaluation	rowid	显式外键（MySQL基线）	htdocs/install/mysql/tables/llx_hrm_evaluationdet-hrm.key.sql	关系由安装脚本显式创建；业务上仍可能存在未加硬外键的逻辑关系
llx_hrm_evaluationdet	fk_user_creat	llx_hrm_evaluationdet_fk_user_creat	llx_user	rowid	显式外键（MySQL基线）	htdocs/install/mysql/tables/llx_hrm_evaluationdet-hrm.key.sql	关系由安装脚本显式创建；业务上仍可能存在未加硬外键的逻辑关系
llx_hrm_skill	fk_user_creat	llx_hrm_skill_fk_user_creat	llx_user	rowid	显式外键（MySQL基线）	htdocs/install/mysql/tables/llx_hrm_skill-hrm.key.sql	关系由安装脚本显式创建；业务上仍可能存在未加硬外键的逻辑关系
llx_hrm_skilldet	fk_skill	llx_hrm_skilldet_fk_skill	llx_hrm_skill	rowid	显式外键（MySQL基线）	htdocs/install/mysql/tables/llx_hrm_skilldet-hrm.key.sql	关系由安装脚本显式创建；业务上仍可能存在未加硬外键的逻辑关系
llx_hrm_skilldet	fk_user_creat	llx_hrm_skilldet_fk_user_creat	llx_user	rowid	显式外键（MySQL基线）	htdocs/install/mysql/tables/llx_hrm_skilldet-hrm.key.sql	关系由安装脚本显式创建；业务上仍可能存在未加硬外键的逻辑关系
llx_hrm_skillrank	fk_skill	llx_hrm_skillrank_fk_skill	llx_hrm_skill	rowid	显式外键（MySQL基线）	htdocs/install/mysql/tables/llx_hrm_skillrank-hrm.key.sql	关系由安装脚本显式创建；业务上仍可能存在未加硬外键的逻辑关系
llx_hrm_skillrank	fk_user_creat	llx_hrm_skillrank_fk_user_creat	llx_user	rowid	显式外键（MySQL基线）	htdocs/install/mysql/tables/llx_hrm_skillrank-hrm.key.sql	关系由安装脚本显式创建；业务上仍可能存在未加硬外键的逻辑关系
llx_knowledgemanagement_knowledgerecord	fk_user_creat	llx_knowledgemanagement_knowledgerecord_fk_user_creat	llx_user	rowid	显式外键（MySQL基线）	htdocs/install/mysql/tables/llx_knowledgemanagement_knowledgerecord-knowledgemanagement.key.sql	关系由安装脚本显式创建；业务上仍可能存在未加硬外键的逻辑关系
llx_mrp_mo	fk_user_creat	fk_mrp_mo_fk_user_creat	llx_user	rowid	显式外键（MySQL基线）	htdocs/install/mysql/tables/llx_mrp_mo-mrp.key.sql	关系由安装脚本显式创建；业务上仍可能存在未加硬外键的逻辑关系
llx_mrp_production	fk_mo	fk_mrp_production_mo	llx_mrp_mo	rowid	显式外键（MySQL基线）	htdocs/install/mysql/tables/llx_mrp_production-mrp.key.sql	关系由安装脚本显式创建；业务上仍可能存在未加硬外键的逻辑关系
llx_mrp_production	fk_product	fk_mrp_production_product	llx_product	rowid	显式外键（MySQL基线）	htdocs/install/mysql/tables/llx_mrp_production-mrp.key.sql	关系由安装脚本显式创建；业务上仍可能存在未加硬外键的逻辑关系
llx_mrp_production	fk_stock_movement	fk_mrp_production_stock_movement	llx_stock_mouvement	rowid	显式外键（MySQL基线）	htdocs/install/mysql/tables/llx_mrp_production-mrp.key.sql	关系由安装脚本显式创建；业务上仍可能存在未加硬外键的逻辑关系
llx_paiement_facture	fk_facture	fk_paiement_facture_fk_facture	llx_facture	rowid	显式外键（MySQL基线）	htdocs/install/mysql/tables/llx_paiement_facture.key.sql	关系由安装脚本显式创建；业务上仍可能存在未加硬外键的逻辑关系
llx_paiement_facture	fk_paiement	fk_paiement_facture_fk_paiement	llx_paiement	rowid	显式外键（MySQL基线）	htdocs/install/mysql/tables/llx_paiement_facture.key.sql	关系由安装脚本显式创建；业务上仍可能存在未加硬外键的逻辑关系
llx_payment_salary	fk_user	fk_payment_salary_user	llx_user	rowid	显式外键（MySQL基线）	htdocs/install/mysql/tables/llx_payment_salary.key.sql	关系由安装脚本显式创建；业务上仍可能存在未加硬外键的逻辑关系
llx_prelevement_lignes	fk_prelevement_bons	fk_prelevement_lignes_fk_prelevement_bons	llx_prelevement_bons	rowid	显式外键（MySQL基线）	htdocs/install/mysql/tables/llx_prelevement_lignes.key.sql	关系由安装脚本显式创建；业务上仍可能存在未加硬外键的逻辑关系
llx_prelevement	fk_prelevement_lignes	fk_prelevement_fk_prelevement_lignes	llx_prelevement_lignes	rowid	显式外键（MySQL基线）	htdocs/install/mysql/tables/llx_prelevement.key.sql	关系由安装脚本显式创建；业务上仍可能存在未加硬外键的逻辑关系
llx_product_batch	fk_product_stock	fk_product_batch_fk_product_stock	llx_product_stock	rowid	显式外键（MySQL基线）	htdocs/install/mysql/tables/llx_product_batch.key.sql	关系由安装脚本显式创建；业务上仍可能存在未加硬外键的逻辑关系
llx_product_customer_price	fk_product	fk_product_customer_price_fk_product	llx_product	rowid	显式外键（MySQL基线）	htdocs/install/mysql/tables/llx_product_customer_price.key.sql	关系由安装脚本显式创建；业务上仍可能存在未加硬外键的逻辑关系
llx_product_customer_price	fk_soc	fk_product_customer_price_fk_soc	llx_societe	rowid	显式外键（MySQL基线）	htdocs/install/mysql/tables/llx_product_customer_price.key.sql	关系由安装脚本显式创建；业务上仍可能存在未加硬外键的逻辑关系
llx_product_customer_price	fk_user	fk_product_customer_price_fk_user	llx_user	rowid	显式外键（MySQL基线）	htdocs/install/mysql/tables/llx_product_customer_price.key.sql	关系由安装脚本显式创建；业务上仍可能存在未加硬外键的逻辑关系
llx_product_fournisseur_price	fk_barcode_type	fk_product_fournisseur_price_barcode_type	llx_c_barcode_type	rowid	显式外键（MySQL基线）	htdocs/install/mysql/tables/llx_product_fournisseur_price.key.sql	关系由安装脚本显式创建；业务上仍可能存在未加硬外键的逻辑关系
llx_product_fournisseur_price	fk_product	fk_product_fournisseur_price_fk_product	llx_product	rowid	显式外键（MySQL基线）	htdocs/install/mysql/tables/llx_product_fournisseur_price.key.sql	关系由安装脚本显式创建；业务上仍可能存在未加硬外键的逻辑关系
llx_product_fournisseur_price	fk_user	fk_product_fournisseur_price_fk_user	llx_user	rowid	显式外键（MySQL基线）	htdocs/install/mysql/tables/llx_product_fournisseur_price.key.sql	关系由安装脚本显式创建；业务上仍可能存在未加硬外键的逻辑关系
llx_product_lang	fk_product	fk_product_lang_fk_product	llx_product	rowid	显式外键（MySQL基线）	htdocs/install/mysql/tables/llx_product_lang.key.sql	关系由安装脚本显式创建；业务上仍可能存在未加硬外键的逻辑关系
llx_product_price_by_qty	fk_product_price	fk_product_price_by_qty_fk_product_price	llx_product_price	rowid	显式外键（MySQL基线）	htdocs/install/mysql/tables/llx_product_price_by_qty.key.sql	关系由安装脚本显式创建；业务上仍可能存在未加硬外键的逻辑关系
llx_product_price	fk_product	fk_product_price_user_author	llx_product	rowid	显式外键（MySQL基线）	htdocs/install/mysql/tables/llx_product_price.key.sql	关系由安装脚本显式创建；业务上仍可能存在未加硬外键的逻辑关系
llx_product_stock	fk_entrepot	fk_entrepot_entrepot_rowid	llx_entrepot	rowid	显式外键（MySQL基线）	htdocs/install/mysql/tables/llx_product_stock.key.sql	关系由安装脚本显式创建；业务上仍可能存在未加硬外键的逻辑关系
llx_product_stock	fk_product	fk_product_product_rowid	llx_product	rowid	显式外键（MySQL基线）	htdocs/install/mysql/tables/llx_product_stock.key.sql	关系由安装脚本显式创建；业务上仍可能存在未加硬外键的逻辑关系
llx_product_warehouse_properties	fk_entrepot	fk_product_warehouse_properties_fk_entrepot	llx_entrepot	rowid	显式外键（MySQL基线）	htdocs/install/mysql/tables/llx_product_warehouse_properties-stock.key.sql	关系由安装脚本显式创建；业务上仍可能存在未加硬外键的逻辑关系
llx_product_warehouse_properties	fk_product	fk_product_warehouse_properties_fk_product	llx_product	rowid	显式外键（MySQL基线）	htdocs/install/mysql/tables/llx_product_warehouse_properties-stock.key.sql	关系由安装脚本显式创建；业务上仍可能存在未加硬外键的逻辑关系
llx_product	fk_barcode_type	fk_product_barcode_type	llx_c_barcode_type	rowid	显式外键（MySQL基线）	htdocs/install/mysql/tables/llx_product.key.sql	关系由安装脚本显式创建；业务上仍可能存在未加硬外键的逻辑关系
llx_product	finished	fk_product_finished	llx_c_product_nature	code	显式外键（MySQL基线）	htdocs/install/mysql/tables/llx_product.key.sql	关系由安装脚本显式创建；业务上仍可能存在未加硬外键的逻辑关系
llx_product	fk_country	fk_product_fk_country	llx_c_country	rowid	显式外键（MySQL基线）	htdocs/install/mysql/tables/llx_product.key.sql	关系由安装脚本显式创建；业务上仍可能存在未加硬外键的逻辑关系
llx_product	fk_unit	fk_product_fk_unit	llx_c_units	rowid	显式外键（MySQL基线）	htdocs/install/mysql/tables/llx_product.key.sql	关系由安装脚本显式创建；业务上仍可能存在未加硬外键的逻辑关系
llx_projet_task_dependency	fk_task	fk_projet_task_dependency_fk_task	llx_projet_task	rowid	显式外键（MySQL基线）	htdocs/install/mysql/tables/llx_projet_task_dependency-project.key.sql	关系由安装脚本显式创建；业务上仍可能存在未加硬外键的逻辑关系
llx_projet_task_dependency	fk_task_depend	fk_projet_task_dependency_fk_task_depend	llx_projet_task	rowid	显式外键（MySQL基线）	htdocs/install/mysql/tables/llx_projet_task_dependency-project.key.sql	关系由安装脚本显式创建；业务上仍可能存在未加硬外键的逻辑关系
llx_projet_task	fk_projet	fk_projet_task_fk_projet	llx_projet	rowid	显式外键（MySQL基线）	htdocs/install/mysql/tables/llx_projet_task.key.sql	关系由安装脚本显式创建；业务上仍可能存在未加硬外键的逻辑关系
llx_projet_task	fk_user_creat	fk_projet_task_fk_user_creat	llx_user	rowid	显式外键（MySQL基线）	htdocs/install/mysql/tables/llx_projet_task.key.sql	关系由安装脚本显式创建；业务上仍可能存在未加硬外键的逻辑关系
llx_projet_task	fk_user_valid	fk_projet_task_fk_user_valid	llx_user	rowid	显式外键（MySQL基线）	htdocs/install/mysql/tables/llx_projet_task.key.sql	关系由安装脚本显式创建；业务上仍可能存在未加硬外键的逻辑关系
llx_projet	fk_soc	fk_projet_fk_soc	llx_societe	rowid	显式外键（MySQL基线）	htdocs/install/mysql/tables/llx_projet.key.sql	关系由安装脚本显式创建；业务上仍可能存在未加硬外键的逻辑关系
llx_propal	fk_projet	fk_propal_fk_projet	llx_projet	rowid	显式外键（MySQL基线）	htdocs/install/mysql/tables/llx_propal.key.sql	关系由安装脚本显式创建；业务上仍可能存在未加硬外键的逻辑关系
llx_propal	fk_soc	fk_propal_fk_soc	llx_societe	rowid	显式外键（MySQL基线）	htdocs/install/mysql/tables/llx_propal.key.sql	关系由安装脚本显式创建；业务上仍可能存在未加硬外键的逻辑关系
llx_propal	fk_user_author	fk_propal_fk_user_author	llx_user	rowid	显式外键（MySQL基线）	htdocs/install/mysql/tables/llx_propal.key.sql	关系由安装脚本显式创建；业务上仍可能存在未加硬外键的逻辑关系
llx_propal	fk_user_cloture	fk_propal_fk_user_cloture	llx_user	rowid	显式外键（MySQL基线）	htdocs/install/mysql/tables/llx_propal.key.sql	关系由安装脚本显式创建；业务上仍可能存在未加硬外键的逻辑关系
llx_propal	fk_user_signature	fk_propal_fk_user_signature	llx_user	rowid	显式外键（MySQL基线）	htdocs/install/mysql/tables/llx_propal.key.sql	关系由安装脚本显式创建；业务上仍可能存在未加硬外键的逻辑关系
llx_propal	fk_user_valid	fk_propal_fk_user_valid	llx_user	rowid	显式外键（MySQL基线）	htdocs/install/mysql/tables/llx_propal.key.sql	关系由安装脚本显式创建；业务上仍可能存在未加硬外键的逻辑关系
llx_propaldet	fk_propal	fk_propaldet_fk_propal	llx_propal	rowid	显式外键（MySQL基线）	htdocs/install/mysql/tables/llx_propaldet.key.sql	关系由安装脚本显式创建；业务上仍可能存在未加硬外键的逻辑关系
llx_propaldet	fk_unit	fk_propaldet_fk_unit	llx_c_units	rowid	显式外键（MySQL基线）	htdocs/install/mysql/tables/llx_propaldet.key.sql	关系由安装脚本显式创建；业务上仍可能存在未加硬外键的逻辑关系
llx_reception	fk_shipping_method	fk_reception_fk_shipping_method	llx_c_shipment_mode	rowid	显式外键（MySQL基线）	htdocs/install/mysql/tables/llx_reception.key.sql	关系由安装脚本显式创建；业务上仍可能存在未加硬外键的逻辑关系
llx_reception	fk_soc	fk_reception_fk_soc	llx_societe	rowid	显式外键（MySQL基线）	htdocs/install/mysql/tables/llx_reception.key.sql	关系由安装脚本显式创建；业务上仍可能存在未加硬外键的逻辑关系
llx_reception	fk_user_author	fk_reception_fk_user_author	llx_user	rowid	显式外键（MySQL基线）	htdocs/install/mysql/tables/llx_reception.key.sql	关系由安装脚本显式创建；业务上仍可能存在未加硬外键的逻辑关系
llx_reception	fk_user_valid	fk_reception_fk_user_valid	llx_user	rowid	显式外键（MySQL基线）	htdocs/install/mysql/tables/llx_reception.key.sql	关系由安装脚本显式创建；业务上仍可能存在未加硬外键的逻辑关系
llx_receptiondet_batch	fk_reception	fk_receptiondet_batch_fk_reception	llx_reception	rowid	显式外键（MySQL基线）	htdocs/install/mysql/tables/llx_receptiondet_batch.key.sql	关系由安装脚本显式创建；业务上仍可能存在未加硬外键的逻辑关系
llx_recruitment_recruitmentcandidature	fk_user_creat	llx_recruitment_recruitmentcandidature_fk_user_creat	llx_user	rowid	显式外键（MySQL基线）	htdocs/install/mysql/tables/llx_recruitment_recruitmentcandidature-recruitment.key.sql	关系由安装脚本显式创建；业务上仍可能存在未加硬外键的逻辑关系
llx_recruitment_recruitmentjobposition	fk_establishment	llx_recruitment_recruitmentjobposition_fk_establishment	llx_establishment	rowid	显式外键（MySQL基线）	htdocs/install/mysql/tables/llx_recruitment_recruitmentjobposition-recruitment.key.sql	关系由安装脚本显式创建；业务上仍可能存在未加硬外键的逻辑关系
llx_recruitment_recruitmentjobposition	fk_user_creat	llx_recruitment_recruitmentjobposition_fk_user_creat	llx_user	rowid	显式外键（MySQL基线）	htdocs/install/mysql/tables/llx_recruitment_recruitmentjobposition-recruitment.key.sql	关系由安装脚本显式创建；业务上仍可能存在未加硬外键的逻辑关系
llx_recruitment_recruitmentjobposition	fk_user_recruiter	llx_recruitment_recruitmentjobposition_fk_user_recruiter	llx_user	rowid	显式外键（MySQL基线）	htdocs/install/mysql/tables/llx_recruitment_recruitmentjobposition-recruitment.key.sql	关系由安装脚本显式创建；业务上仍可能存在未加硬外键的逻辑关系
llx_recruitment_recruitmentjobposition	fk_user_supervisor	llx_recruitment_recruitmentjobposition_fk_user_supervisor	llx_user	rowid	显式外键（MySQL基线）	htdocs/install/mysql/tables/llx_recruitment_recruitmentjobposition-recruitment.key.sql	关系由安装脚本显式创建；业务上仍可能存在未加硬外键的逻辑关系
llx_resource	fk_country	fk_resource_fk_country	llx_c_country	rowid	显式外键（MySQL基线）	htdocs/install/mysql/tables/llx_resource.key.sql	关系由安装脚本显式创建；业务上仍可能存在未加硬外键的逻辑关系
llx_salary	fk_account	fk_salary_fk_account	llx_bank_account	rowid	显式外键（MySQL基线）	htdocs/install/mysql/tables/llx_salary.key.sql	关系由安装脚本显式创建；业务上仍可能存在未加硬外键的逻辑关系
llx_salary	fk_bank	fk_salary_fk_bank	llx_bank	rowid	显式外键（MySQL基线）	htdocs/install/mysql/tables/llx_salary.key.sql	关系由安装脚本显式创建；业务上仍可能存在未加硬外键的逻辑关系
llx_salary	fk_projet	fk_salary_fk_projet	llx_projet	rowid	显式外键（MySQL基线）	htdocs/install/mysql/tables/llx_salary.key.sql	关系由安装脚本显式创建；业务上仍可能存在未加硬外键的逻辑关系
llx_salary	fk_typepayment	fk_salary_fk_typepayment	llx_c_paiement	id	显式外键（MySQL基线）	htdocs/install/mysql/tables/llx_salary.key.sql	关系由安装脚本显式创建；业务上仍可能存在未加硬外键的逻辑关系
llx_salary	fk_user	fk_salary_fk_user	llx_user	rowid	显式外键（MySQL基线）	htdocs/install/mysql/tables/llx_salary.key.sql	关系由安装脚本显式创建；业务上仍可能存在未加硬外键的逻辑关系
llx_salary	fk_user_author	fk_salary_fk_user_author	llx_user	rowid	显式外键（MySQL基线）	htdocs/install/mysql/tables/llx_salary.key.sql	关系由安装脚本显式创建；业务上仍可能存在未加硬外键的逻辑关系
llx_salary	fk_user_modif	fk_salary_fk_user_modif	llx_user	rowid	显式外键（MySQL基线）	htdocs/install/mysql/tables/llx_salary.key.sql	关系由安装脚本显式创建；业务上仍可能存在未加硬外键的逻辑关系
llx_societe_account	fk_soc	llx_societe_account_fk_societe	llx_societe	rowid	显式外键（MySQL基线）	htdocs/install/mysql/tables/llx_societe_account.key.sql	关系由安装脚本显式创建；业务上仍可能存在未加硬外键的逻辑关系
llx_societe_commerciaux	fk_soc	fk_societe_commerciaux_fk_soc	llx_societe	rowid	显式外键（MySQL基线）	htdocs/install/mysql/tables/llx_societe_commerciaux.key.sql	关系由安装脚本显式创建；业务上仍可能存在未加硬外键的逻辑关系
llx_societe_commerciaux	fk_user	fk_societe_commerciaux_fk_user	llx_user	rowid	显式外键（MySQL基线）	htdocs/install/mysql/tables/llx_societe_commerciaux.key.sql	关系由安装脚本显式创建；业务上仍可能存在未加硬外键的逻辑关系
llx_societe_contacts	fk_c_type_contact	fk_societe_contacts_fk_c_type_contact	llx_c_type_contact	rowid	显式外键（MySQL基线）	htdocs/install/mysql/tables/llx_societe_contacts.key.sql	关系由安装脚本显式创建；业务上仍可能存在未加硬外键的逻辑关系
llx_societe_contacts	fk_soc	fk_societe_contacts_fk_soc	llx_societe	rowid	显式外键（MySQL基线）	htdocs/install/mysql/tables/llx_societe_contacts.key.sql	关系由安装脚本显式创建；业务上仍可能存在未加硬外键的逻辑关系
llx_societe_contacts	fk_socpeople	fk_societe_contacts_fk_socpeople	llx_socpeople	rowid	显式外键（MySQL基线）	htdocs/install/mysql/tables/llx_societe_contacts.key.sql	关系由安装脚本显式创建；业务上仍可能存在未加硬外键的逻辑关系
llx_societe_remise_except	fk_facture_line	fk_soc_remise_fk_facture_line	llx_facturedet	rowid	显式外键（MySQL基线）	htdocs/install/mysql/tables/llx_societe_remise_except.key.sql	关系由安装脚本显式创建；业务上仍可能存在未加硬外键的逻辑关系
llx_societe_remise_except	fk_invoice_supplier_line	fk_soc_remise_fk_invoice_supplier_line	llx_facture_fourn_det	rowid	显式外键（MySQL基线）	htdocs/install/mysql/tables/llx_societe_remise_except.key.sql	关系由安装脚本显式创建；业务上仍可能存在未加硬外键的逻辑关系
llx_societe_remise_except	fk_soc	fk_soc_remise_fk_soc	llx_societe	rowid	显式外键（MySQL基线）	htdocs/install/mysql/tables/llx_societe_remise_except.key.sql	关系由安装脚本显式创建；业务上仍可能存在未加硬外键的逻辑关系
llx_societe_remise_except	fk_facture	fk_societe_remise_fk_facture	llx_facture	rowid	显式外键（MySQL基线）	htdocs/install/mysql/tables/llx_societe_remise_except.key.sql	关系由安装脚本显式创建；业务上仍可能存在未加硬外键的逻辑关系
llx_societe_remise_except	fk_facture_source	fk_societe_remise_fk_facture_source	llx_facture	rowid	显式外键（MySQL基线）	htdocs/install/mysql/tables/llx_societe_remise_except.key.sql	关系由安装脚本显式创建；业务上仍可能存在未加硬外键的逻辑关系
llx_societe_remise_except	fk_invoice_supplier	fk_societe_remise_fk_invoice_supplier	llx_facture_fourn	rowid	显式外键（MySQL基线）	htdocs/install/mysql/tables/llx_societe_remise_except.key.sql	关系由安装脚本显式创建；业务上仍可能存在未加硬外键的逻辑关系
llx_societe_remise_except	fk_invoice_supplier	fk_societe_remise_fk_invoice_supplier_source	llx_facture_fourn	rowid	显式外键（MySQL基线）	htdocs/install/mysql/tables/llx_societe_remise_except.key.sql	关系由安装脚本显式创建；业务上仍可能存在未加硬外键的逻辑关系
llx_societe_remise_except	fk_user	fk_societe_remise_fk_user	llx_user	rowid	显式外键（MySQL基线）	htdocs/install/mysql/tables/llx_societe_remise_except.key.sql	关系由安装脚本显式创建；业务上仍可能存在未加硬外键的逻辑关系
llx_societe_rib	fk_soc	llx_societe_rib_fk_societe	llx_societe	rowid	显式外键（MySQL基线）	htdocs/install/mysql/tables/llx_societe_rib.key.sql	关系由安装脚本显式创建；业务上仍可能存在未加硬外键的逻辑关系
llx_socpeople	fk_soc	fk_socpeople_fk_soc	llx_societe	rowid	显式外键（MySQL基线）	htdocs/install/mysql/tables/llx_socpeople.key.sql	关系由安装脚本显式创建；业务上仍可能存在未加硬外键的逻辑关系
llx_socpeople	fk_user_creat	fk_socpeople_user_creat_user_rowid	llx_user	rowid	显式外键（MySQL基线）	htdocs/install/mysql/tables/llx_socpeople.key.sql	关系由安装脚本显式创建；业务上仍可能存在未加硬外键的逻辑关系
llx_stocktransfer_stocktransfer	fk_user_creat	llx_stocktransfer_stocktransfer_fk_user_creat	llx_user	rowid	显式外键（MySQL基线）	htdocs/install/mysql/tables/llx_stocktransfer_stocktransfer-stocktransfer.key.sql	关系由安装脚本显式创建；业务上仍可能存在未加硬外键的逻辑关系
llx_supplier_proposaldet	fk_supplier_proposal	fk_supplier_proposaldet_fk_supplier_proposal	llx_supplier_proposal	rowid	显式外键（MySQL基线）	htdocs/install/mysql/tables/llx_supplier_proposaldet.key.sql	关系由安装脚本显式创建；业务上仍可能存在未加硬外键的逻辑关系
llx_supplier_proposaldet	fk_unit	fk_supplier_proposaldet_fk_unit	llx_c_units	rowid	显式外键（MySQL基线）	htdocs/install/mysql/tables/llx_supplier_proposaldet.key.sql	关系由安装脚本显式创建；业务上仍可能存在未加硬外键的逻辑关系
llx_ticket	fk_barcode_type	llx_ticket_fk_product_barcode_type	llx_c_barcode_type	rowid	显式外键（MySQL基线）	htdocs/install/mysql/tables/llx_ticket-ticket.key.sql	关系由安装脚本显式创建；业务上仍可能存在未加硬外键的逻辑关系
llx_user_employment	fk_user	fk_user_employment_fk_user	llx_user	rowid	显式外键（MySQL基线）	htdocs/install/mysql/tables/llx_user_employment.key.sql	关系由安装脚本显式创建；业务上仍可能存在未加硬外键的逻辑关系
llx_user_rights	fk_user	fk_user_rights_fk_user_user	llx_user	rowid	显式外键（MySQL基线）	htdocs/install/mysql/tables/llx_user_rights.key.sql	关系由安装脚本显式创建；业务上仍可能存在未加硬外键的逻辑关系
llx_usergroup_rights	fk_usergroup	fk_usergroup_rights_fk_usergroup	llx_usergroup	rowid	显式外键（MySQL基线）	htdocs/install/mysql/tables/llx_usergroup_rights.key.sql	关系由安装脚本显式创建；业务上仍可能存在未加硬外键的逻辑关系
llx_usergroup_user	fk_user	fk_usergroup_user_fk_user	llx_user	rowid	显式外键（MySQL基线）	htdocs/install/mysql/tables/llx_usergroup_user.key.sql	关系由安装脚本显式创建；业务上仍可能存在未加硬外键的逻辑关系
llx_usergroup_user	fk_usergroup	fk_usergroup_user_fk_usergroup	llx_usergroup	rowid	显式外键（MySQL基线）	htdocs/install/mysql/tables/llx_usergroup_user.key.sql	关系由安装脚本显式创建；业务上仍可能存在未加硬外键的逻辑关系
llx_website_page	fk_website	fk_website_page_website	llx_website	rowid	显式外键（MySQL基线）	htdocs/install/mysql/tables/llx_website_page-website.key.sql	关系由安装脚本显式创建；业务上仍可能存在未加硬外键的逻辑关系
llx_workstation_workstation	fk_user_creat	fk_workstation_workstation_fk_user_creat	llx_user	rowid	显式外键（MySQL基线）	htdocs/install/mysql/tables/llx_workstation_workstation-workstation.key.sql	关系由安装脚本显式创建；业务上仍可能存在未加硬外键的逻辑关系
